gid,nombre_barrio,path
1,As. Detrás Del Inta,"{""type"":""MultiPolygon"",""coordinates"":[[[[-58.760251885371,-27.492879701973],[-58.7590350458513,-27.4930595873442],[-58.7595367795724,-27.4952607135603],[-58.7592376728999,-27.4954076844078],[-58.7591589928845,-27.4956816364021],[-58.7588919587572,-27.4957167593661],[-58.7588727707421,-27.4962202521914],[-58.7597991371268,-27.4959244036864],[-58.7608590559799,-27.4959225897271],[-58.7609286178711,-27.4956649482246],[-58.7619368296404,-27.4953492179437],[-58.7619296858242,-27.4950892855924],[-58.7630261834059,-27.4949129541564],[-58.7625790917029,-27.4925817478245],[-58.761519275109,-27.4926795644184],[-58.7612630687771,-27.4914356331957],[-58.7608316790391,-27.4914916331957],[-58.760251885371,-27.492879701973]]]]}"
5,Los Astilleros,"{""type"":""MultiPolygon"",""coordinates"":[[[[-58.8541255458905,-27.4911770981114],[-58.8540797056896,-27.4903238654969],[-58.8529306777033,-27.4905333865938],[-58.8528064847607,-27.4905849606032],[-58.8515745031608,-27.4908359019046],[-58.8515200981033,-27.491398509491],[-58.8541255458905,-27.4911770981114]]]]}"
8,As. Patono 2,"{""type"":""MultiPolygon"",""coordinates"":[[[[-58.8435095479309,-27.5007839212156],[-58.8435450252036,-27.5013337432218],[-58.8439003579596,-27.5014836917005],[-58.8439633183633,-27.501484386483],[-58.845056086282,-27.5022173407928],[-58.8458797663229,-27.5014618163078],[-58.8468767054087,-27.5009334091173],[-58.8473471200632,-27.500503302586],[-58.8474936125329,-27.5002183807019],[-58.8457260583117,-27.499896335553],[-58.8446574946095,-27.4984983724095],[-58.8445539999999,-27.498525000008],[-58.844620675705,-27.4992331824954],[-58.8447023641274,-27.4999323026986],[-58.8447161060607,-27.5002098945968],[-58.8447951258756,-27.5002968714246],[-58.8448124772725,-27.5004707327045],[-58.8442093712117,-27.5007566247815],[-58.8435095479309,-27.5007839212156]]]]}"
10,Las Del Monte,"{""type"":""MultiPolygon"",""coordinates"":[[[[-58.8463143983461,-27.4966301961929],[-58.8459563032522,-27.494112466026],[-58.8457317694575,-27.4925331639261],[-58.8439362047913,-27.4928139587387],[-58.84407629179,-27.493723283659],[-58.8443052566458,-27.4955382467189],[-58.8447672300621,-27.497421444299],[-58.844640026197,-27.4984237538273],[-58.8457021508905,-27.4997319816257],[-58.8461325889998,-27.4998691253139],[-58.846895127164,-27.4995846284417],[-58.8466070895886,-27.4982993384503],[-58.8454552347221,-27.4982162900059],[-58.8452947632258,-27.497183221412],[-58.8457485567635,-27.4967842126542],[-58.8463143983461,-27.4966301961929]]]]}"
11,Asentamiento Del Barrio Seminario A,"{""type"":""MultiPolygon"",""coordinates"":[[[[-58.8119315193089,-27.4613207485474],[-58.8120204036646,-27.4616455408259],[-58.8122043451539,-27.4615780589411],[-58.8121441518019,-27.461058948759],[-58.8120586879576,-27.4607605980683],[-58.8118434305439,-27.460824379486],[-58.8118989974906,-27.4610514965993],[-58.8118380298673,-27.4610980417707],[-58.8111248896317,-27.4612190237118],[-58.8110233853228,-27.4612332172475],[-58.8108984866756,-27.4612343341064],[-58.8101024066894,-27.4612437247007],[-58.8101065867706,-27.461372383294],[-58.8101279095956,-27.461462963783],[-58.8119315193089,-27.4613207485474]]]]}"
2,Tutuca,"{""type"":""MultiPolygon"",""coordinates"":[[[[-58.7750729999998,-27.504519000008],[-58.7752284378639,-27.5035943849594],[-58.774520729126,-27.5033534786487],[-58.7741451873784,-27.5041834582604],[-58.7750729999998,-27.504519000008]]]]}"
12,Asentamiento Del Barrio Itati,"{""type"":""MultiPolygon"",""coordinates"":[[[[-58.8100805891388,-27.4615203016983],[-58.8100149159696,-27.4611633823009],[-58.8097619999999,-27.4611704098539],[-58.8097245088788,-27.4610953235983],[-58.8095610327615,-27.461096001825],[-58.8095001889012,-27.461040049055],[-58.8088745179567,-27.4610709552578],[-58.8088079999999,-27.461574000008],[-58.808893374244,-27.4618555432115],[-58.8089582131923,-27.4618959082584],[-58.8098929080386,-27.4619591151746],[-58.8101193132002,-27.4619483612188],[-58.8100313842705,-27.4615464126891],[-58.8100805891388,-27.4615203016983]]]]}"
3,As. Del B. Sapucay,"{""type"":""MultiPolygon"",""coordinates"":[[[[-58.7391759108526,-27.4913534219265],[-58.739058047143,-27.4903988585782],[-58.7379911765208,-27.4905584192136],[-58.7378575709137,-27.4899334586479],[-58.7377858015779,-27.4896011214777],[-58.7371098810313,-27.4896734465999],[-58.7372245282974,-27.4906152311559],[-58.7376279533359,-27.4905986045045],[-58.7378206494262,-27.4915409028647],[-58.7381124905656,-27.4914876803425],[-58.7382646065305,-27.4914207347505],[-58.7391759108526,-27.4913534219265]]]]}"
42,Bajo Galvan,"{""type"":""MultiPolygon"",""coordinates"":[[[[-58.8545399674756,-27.4838419679692],[-58.8544016736052,-27.4833466060443],[-58.8543760332988,-27.4830340216957],[-58.8543076745723,-27.4828427452983],[-58.8542520966017,-27.4824869786487],[-58.8528080213591,-27.4827005160274],[-58.8527746734203,-27.4828970500986],[-58.8528269677444,-27.4829986656374],[-58.8530575800969,-27.483184161173],[-58.8532453975727,-27.483438903406],[-58.8535923868931,-27.484045634474],[-58.8545399674756,-27.4838419679692]]]]}"
16,As. 2 Del B. Ponce,"{""type"":""MultiPolygon"",""coordinates"":[[[[-58.7673447438669,-27.4887641123531],[-58.767563147374,-27.4903797731268],[-58.7691518982371,-27.4902023293993],[-58.7688924947299,-27.4885416686257],[-58.7673447438669,-27.4887641123531]]]]}"
18,Río Paraná,"{""type"":""MultiPolygon"",""coordinates"":[[[[-58.8363595985501,-27.5118681130261],[-58.8317946142576,-27.5100527165806],[-58.8309015728839,-27.509988968543],[-58.8308485728839,-27.5106015986582],[-58.8291562749998,-27.510479430008],[-58.8290859999999,-27.511764000008],[-58.8284209357095,-27.511703292176],[-58.8280439999999,-27.512939000008],[-58.8277269999999,-27.514084000008],[-58.8204648126008,-27.5141000825607],[-58.8204259999999,-27.514106000008],[-58.8205143271808,-27.5152237336305],[-58.8228142628904,-27.5154486809604],[-58.8243939999999,-27.516789000008],[-58.8273403742837,-27.5160082661482],[-58.8318919999999,-27.5163730523699],[-58.8323293157225,-27.5165904394342],[-58.8326339357095,-27.5169423584938],[-58.8332514328449,-27.5170408382227],[-58.8336822338865,-27.5158102018928],[-58.8342062399737,-27.514221000008],[-58.8343740957033,-27.5133320386502],[-58.8356491885676,-27.5134954924685],[-58.8363595985501,-27.5118681130261]]]]}"
54,Punta Taitalo,"{""type"":""MultiPolygon"",""coordinates"":[[[[-58.7713834258649,-27.4402884971784],[-58.7713382846774,-27.4402356489589],[-58.7711012173492,-27.4401501492668],[-58.770964886668,-27.4402310956087],[-58.7708376635772,-27.4403240269599],[-58.770646977425,-27.4403103991126],[-58.7691291908632,-27.4401878340637],[-58.7694031677721,-27.4388723500668],[-58.7692240033778,-27.438391312715],[-58.7693073620197,-27.4377774936824],[-58.7697143126097,-27.4375645381799],[-58.7701280852966,-27.4370599462799],[-58.7702463493869,-27.4365257755497],[-58.7711475564817,-27.4363190901894],[-58.7733856108897,-27.43352181166],[-58.7720382410463,-27.4327603095983],[-58.774236858077,-27.4298416302622],[-58.7744334256898,-27.4295998203736],[-58.7752609999998,-27.429985000008],[-58.7759479999999,-27.430385000008],[-58.7770849999998,-27.430975000008],[-58.7785867992196,-27.4317159789762],[-58.7787241772922,-27.4317482855824],[-58.7791700925828,-27.4318490147664],[-58.7794023475995,-27.4325509287424],[-58.7794405816609,-27.4329996904071],[-58.7801319999999,-27.434251000008],[-58.7804329999998,-27.436251000008],[-58.7799929999998,-27.437074000008],[-58.7796599999998,-27.437829000008],[-58.7801859999998,-27.438006000008],[-58.7800378227074,-27.4383660142258],[-58.7813303531349,-27.4387361866024],[-58.7806615323016,-27.4406633099951],[-58.7797720609424,-27.4404548781228],[-58.7790379999998,-27.443278000008],[-58.7789904113536,-27.4434949681651],[-58.7785248227074,-27.4434096580788],[-58.778195113538,-27.4434672087532],[-58.777035588646,-27.4448787263958],[-58.7764816807847,-27.4447696048523],[-58.7767164765051,-27.4443149420127],[-58.7766423294656,-27.4441981013341],[-58.7770206579315,-27.4412284683488],[-58.7752227518114,-27.4409777423937],[-58.7715578484285,-27.4403641301935],[-58.7713834258649,-27.4402884971784]]]]}"
17,Asentamiento Del Barrio Ponce,"{""type"":""MultiPolygon"",""coordinates"":[[[[-58.7697490912619,-27.4944164543769],[-58.768706060194,-27.4945480301051],[-58.7688082281745,-27.4953662583405],[-58.7698914355175,-27.4951973271109],[-58.7697490912619,-27.4944164543769]]]]}"
9,As. Del B. Virgen De Los Dolores,"{""type"":""MultiPolygon"",""coordinates"":[[[[-58.854819904542,-27.4889181935313],[-58.8544280660393,-27.4889865917044],[-58.8533119999999,-27.4891703162253],[-58.8516447732874,-27.4893997295579],[-58.8515890960199,-27.4907561746293],[-58.8543605202593,-27.4902043198501],[-58.8544270680295,-27.4902389547004],[-58.8547240926722,-27.4902137833843],[-58.8547841658197,-27.4901129986323],[-58.855367342546,-27.4895054061216],[-58.8557974624994,-27.4888042326276],[-58.8556627803826,-27.4887419374284],[-58.8559707665722,-27.4882018692746],[-58.8561267254325,-27.4879682394956],[-58.8561429498647,-27.4877326198711],[-58.8551187112201,-27.4879945825694],[-58.854819904542,-27.4889181935313]]]]}"
19,Lomas Del Mirador,"{""type"":""MultiPolygon"",""coordinates"":[[[[-58.7905452210947,-27.4598200900392],[-58.7940073647009,-27.4571694322267],[-58.7935908466752,-27.45661705309],[-58.7933848891127,-27.4567019627783],[-58.7903038236924,-27.4522789017929],[-58.7901555742065,-27.4518329992786],[-58.7906848371273,-27.4512238362384],[-58.7902533171502,-27.4507785460907],[-58.7896436226149,-27.4512288977763],[-58.7888978862783,-27.4502491084887],[-58.7883181423144,-27.4506556787074],[-58.787702062489,-27.451230417433],[-58.7873146741317,-27.4516900598087],[-58.7869175273179,-27.451727000008],[-58.7869095864032,-27.4519675845536],[-58.786098290977,-27.4531842605627],[-58.7862375324305,-27.4532907039029],[-58.7867357439638,-27.4557564417535],[-58.789245527318,-27.4553657794924],[-58.7901020940262,-27.4598698543806],[-58.7905452210947,-27.4598200900392]]]]}"
20,Asentamiento De La Calle Trento,"{""type"":""MultiPolygon"",""coordinates"":[[[[-58.7827471788553,-27.4983863741188],[-58.7822619190347,-27.498414870269],[-58.7817714063408,-27.4982958549976],[-58.7813534063407,-27.4981906644176],[-58.7800309607176,-27.5009273896112],[-58.780147099419,-27.5009884894499],[-58.7820118604265,-27.5007650515496],[-58.7818047820706,-27.499597697868],[-58.7820460486429,-27.4995771560118],[-58.7820680556514,-27.4995096567197],[-58.7820465881976,-27.4990760968404],[-58.7822868286701,-27.4987358439881],[-58.7827047701089,-27.498643982412],[-58.7827685617127,-27.4986151400203],[-58.7827471788553,-27.4983863741188]]]]}"
21,As. Del B. Serantes,"{""type"":""MultiPolygon"",""coordinates"":[[[[-58.8007708609055,-27.5008753657442],[-58.7974183709179,-27.501472817108],[-58.7974654872808,-27.5019168560343],[-58.7982907017416,-27.5018294286096],[-58.7983205812915,-27.5017480876285],[-58.7986805635201,-27.5017305460583],[-58.7987554181848,-27.503017751176],[-58.7975331381919,-27.5025264703558],[-58.7976164172826,-27.5036485290438],[-58.7988959300016,-27.5035474379107],[-58.7990170463645,-27.5047511692882],[-58.7996399339963,-27.5047114051811],[-58.7994799738166,-27.5031341491599],[-58.8003159999999,-27.503095000008],[-58.8012561441919,-27.5029849346108],[-58.8016979309038,-27.5028467255477],[-58.8016078609055,-27.5021179938794],[-58.8009318609055,-27.5021471829435],[-58.8007708609055,-27.5008753657442]]]]}"
22,Cañada Quiroz,"{""type"":""MultiPolygon"",""coordinates"":[[[[-58.7458429999998,-27.543760000008],[-58.7451779999998,-27.538889000008],[-58.7439249611648,-27.5393342597167],[-58.7446482597085,-27.5438957791342],[-58.7458429999998,-27.543760000008]]]]}"
23,La Chola,"{""type"":""MultiPolygon"",""coordinates"":[[[[-58.8312178667346,-27.5018489330101],[-58.8312076508483,-27.5017571433017],[-58.8312958652039,-27.5012715008194],[-58.8308882517269,-27.4986143627678],[-58.8280336019273,-27.4989836914511],[-58.8284089249693,-27.5011645618239],[-58.8287172138873,-27.5022068085775],[-58.8296240564814,-27.502105255932],[-58.8300164110118,-27.5020123611878],[-58.830392935668,-27.501939223679],[-58.8306681352097,-27.5019414528572],[-58.8309341653713,-27.5018839835943],[-58.8312178667346,-27.5018489330101]]]]}"
24,Paloma De La Paz,"{""type"":""MultiPolygon"",""coordinates"":[[[[-58.8112896008707,-27.4946385930079],[-58.8114031559998,-27.494995603008],[-58.8102059999999,-27.495245000008],[-58.8100484492162,-27.4944239914246],[-58.8094502452901,-27.4944372196531],[-58.8080959999998,-27.494735000008],[-58.8082524715048,-27.4958066613454],[-58.8084212427095,-27.4966622427177],[-58.8100009999999,-27.496466000008],[-58.8106902427095,-27.4963994854274],[-58.8117352427095,-27.4962942427177],[-58.8121016467095,-27.4962668097822],[-58.8125638483547,-27.4961574240725],[-58.8121619999999,-27.493849000008],[-58.8125653717096,-27.4937878466531],[-58.8123651773547,-27.4927741389434],[-58.8112202718707,-27.4927955145885],[-58.8102457572901,-27.4929241359434],[-58.8091171067741,-27.4930541359434],[-58.8087169999999,-27.493049000008],[-58.8077892302901,-27.493217322008],[-58.80791557142,-27.4936799198461],[-58.8079554221616,-27.4938418928302],[-58.8081460511957,-27.4946315478621],[-58.8089809999999,-27.494478000008],[-58.8095325661341,-27.4944017384279],[-58.8102969999999,-27.494337000008],[-58.8111276522901,-27.4941164013628],[-58.8112896008707,-27.4946385930079]]]]}"
25,As. Del B. Santa Margarita,"{""type"":""MultiPolygon"",""coordinates"":[[[[-58.763210536893,-27.5308468669982],[-58.7615959999998,-27.531640000008],[-58.7611669999998,-27.532011000008],[-58.7622069999998,-27.533153000008],[-58.7625939999998,-27.535350000008],[-58.7615959999998,-27.535502000008],[-58.7618099999998,-27.536853000008],[-58.7599439999998,-27.536977000008],[-58.7579479999998,-27.537282000008],[-58.7554069999998,-27.538337000008],[-58.7555459999998,-27.539132000008],[-58.7576149999998,-27.538880000008],[-58.7577119999998,-27.539336000008],[-58.7588603941745,-27.5392278669982],[-58.7588077032641,-27.5382912491314],[-58.7585834569217,-27.5379701323639],[-58.7585169999998,-27.537339000008],[-58.7585179999998,-27.537239000008],[-58.7594839999998,-27.537101000008],[-58.7595639999998,-27.537786000008],[-58.7596219999998,-27.538490000008],[-58.7593639999998,-27.538613000008],[-58.7594289999998,-27.538813000008],[-58.7597609999998,-27.538718000008],[-58.7596969999998,-27.537909000008],[-58.7607049999998,-27.537738000008],[-58.7609949999998,-27.538404000008],[-58.7615529999998,-27.538965000008],[-58.7616499999998,-27.539688000008],[-58.7623039999998,-27.539479000008],[-58.7624649999998,-27.538623000008],[-58.7639029999998,-27.538547000008],[-58.7643209999998,-27.537900000008],[-58.7651039999998,-27.536111000008],[-58.7646109999998,-27.536226000008],[-58.7642569999998,-27.530670000008],[-58.763210536893,-27.5308468669982]]]]}"
26,As. Del B. San Antonio Este,"{""type"":""MultiPolygon"",""coordinates"":[[[[-58.8049998004652,-27.5061742068023],[-58.8048217851334,-27.5059397314249],[-58.8036862265316,-27.5065500500191],[-58.8037011395692,-27.5067483083853],[-58.8031410537164,-27.5068308657165],[-58.8020156777001,-27.5069296777083],[-58.8021130034541,-27.5074695238182],[-58.8005406220075,-27.5082243626684],[-58.8007095406202,-27.508514958169],[-58.8026897582751,-27.5075624028825],[-58.803937140534,-27.5068796714656],[-58.8049998004652,-27.5061742068023]]]]}"
27,El Cocal,"{""type"":""MultiPolygon"",""coordinates"":[[[[-58.808202996409,-27.5088349977229],[-58.808419996258,-27.5065151828985],[-58.808369500346,-27.506454582544],[-58.8083631352802,-27.5059894266401],[-58.8062569519998,-27.5060639240079],[-58.8062439999999,-27.507143000008],[-58.8063669999999,-27.508136000008],[-58.8063643423536,-27.5089992870849],[-58.8061960163216,-27.5099619304773],[-58.8071569986941,-27.5099229357003],[-58.8073439993469,-27.5088369990286],[-58.808202996409,-27.5088349977229]]]]}"
28,As. Del B. Quilmes,"{""type"":""MultiPolygon"",""coordinates"":[[[[-58.8478079431841,-27.4930810993064],[-58.8458792722047,-27.4934069472728],[-58.8463926057639,-27.4966895373711],[-58.8457681383851,-27.4968082922965],[-58.8453248532994,-27.4972077045907],[-58.8454783701519,-27.498193724851],[-58.846634919015,-27.498258149781],[-58.8469910255595,-27.4997502366908],[-58.8483432698159,-27.4995738388654],[-58.8493000395248,-27.4987284032561],[-58.8503844009504,-27.4980833956597],[-58.851058034135,-27.4975160681569],[-58.8509145865449,-27.4974737269024],[-58.8503076833634,-27.4975430139628],[-58.8500430375453,-27.4975594130082],[-58.8488267815909,-27.4977844061443],[-58.8478079431841,-27.4930810993064]]]]}"
29,As. Del B. Ongay,"{""type"":""MultiPolygon"",""coordinates"":[[[[-58.8086702731956,-27.4974296936271],[-58.8088329999998,-27.497942000008],[-58.8090380872911,-27.4985610582021],[-58.8092465145484,-27.4993329127167],[-58.8097649999999,-27.499223000008],[-58.8102499999998,-27.499115000008],[-58.8113579999999,-27.498971000008],[-58.8117039999998,-27.498879000008],[-58.8119029999999,-27.498748000008],[-58.8127578836115,-27.4977143981682],[-58.8125908490629,-27.4962215045565],[-58.8079710073834,-27.4967356178349],[-58.8080069915115,-27.4971679343283],[-58.8086702731956,-27.4974296936271]]]]}"
30,San Jorge,"{""type"":""MultiPolygon"",""coordinates"":[[[[-58.8004634582523,-27.496942000008],[-58.8004609009707,-27.4967206563186],[-58.8002979999998,-27.496319000008],[-58.7985925572813,-27.4973382136002],[-58.7977603281551,-27.4976212136002],[-58.7956893281551,-27.4983248854448],[-58.7953516563105,-27.4984395572895],[-58.7946979999998,-27.499283000008],[-58.7949879999998,-27.500135000008],[-58.7983129999999,-27.4983503436973],[-58.7987515417474,-27.4993374427264],[-58.7991826893202,-27.4988564504934],[-58.8003640155338,-27.4972022291342],[-58.8004634582523,-27.496942000008]]]]}"
31,La Tosquera,"{""type"":""MultiPolygon"",""coordinates"":[[[[-58.8233677214106,-27.5271791318921],[-58.8231897692815,-27.5272892927339],[-58.8229650230632,-27.5277631419035],[-58.8228937864914,-27.5278069797938],[-58.8226910362488,-27.5278343784753],[-58.822641046565,-27.5278433653847],[-58.8211225908884,-27.5262915212401],[-58.8208618879721,-27.525824931909],[-58.8200565572007,-27.5210704645448],[-58.8257894068609,-27.5201995658078],[-58.8256342122228,-27.5191121391293],[-58.8265783524273,-27.518955009989],[-58.8265624359919,-27.5169099942137],[-58.8266821919294,-27.5162615376293],[-58.8274158074807,-27.5160243725455],[-58.8284000518527,-27.5161021667042],[-58.829360735031,-27.5161718383136],[-58.8295081547551,-27.5161918073575],[-58.8305127698127,-27.5162748737924],[-58.8310225971421,-27.5163113357276],[-58.831773176556,-27.5163838253119],[-58.8321515245704,-27.516534915715],[-58.8324282484276,-27.5167429492531],[-58.8324792755219,-27.5168459847319],[-58.8326591262915,-27.5169952608707],[-58.832669451285,-27.5170171579869],[-58.83286588214,-27.5170735391813],[-58.833182069605,-27.5170447617327],[-58.8334807328275,-27.5171755372653],[-58.8325900978487,-27.5194853638096],[-58.8311755944711,-27.5214793701409],[-58.8308489218445,-27.5224346928477],[-58.8312506294979,-27.527075764718],[-58.8304082795683,-27.5288250676324],[-58.8303274112488,-27.5294026333721],[-58.8302996139561,-27.5304837684546],[-58.8304378227001,-27.5323152974006],[-58.8306180400158,-27.5329558278684],[-58.8305939999999,-27.533181000008],[-58.8306736489156,-27.5343940910728],[-58.8307514771559,-27.5349251721386],[-58.8309269999999,-27.535495000008],[-58.8312259202504,-27.5362016467808],[-58.8317196157765,-27.5366371537701],[-58.8312564849166,-27.5369389629797],[-58.8299439610373,-27.537567564352],[-58.8298027831406,-27.5371614820305],[-58.8296763206816,-27.5371180148772],[-58.8298026165047,-27.5367281530419],[-58.8295441125722,-27.5364292427711],[-58.8290456883137,-27.5362061820368],[-58.8288855165843,-27.5359431367899],[-58.8289946936172,-27.5358200541338],[-58.8289310029031,-27.5355361261334],[-58.8287706460411,-27.5353171442299],[-58.828739038388,-27.5348773987702],[-58.8287887929892,-27.5344570080953],[-58.8287626699245,-27.5338646546241],[-58.8288966941662,-27.5335721449556],[-58.8287082543599,-27.5332891717128],[-58.8281265930094,-27.5332246539558],[-58.8286211502535,-27.5329383279456],[-58.8283729989076,-27.5325824602022],[-58.8281491430488,-27.5302671435974],[-58.8281099648356,-27.5288960403693],[-58.8278311689941,-27.5285007241377],[-58.827652189927,-27.5284057762822],[-58.8275906181448,-27.528236972051],[-58.827774036529,-27.5279488515249],[-58.8280062031257,-27.5276745473182],[-58.8281245300387,-27.5271400133648],[-58.8280144282921,-27.5271095115908],[-58.8279447334149,-27.5270398167135],[-58.8274844355667,-27.5269083030426],[-58.826481643826,-27.5267548704265],[-58.826081623077,-27.5267055527999],[-58.8257418794271,-27.5265795188653],[-58.825338671378,-27.5265526383287],[-58.8253308992055,-27.5265521201839],[-58.8252822514414,-27.5265675990179],[-58.8249692366105,-27.5266671946459],[-58.8247610066316,-27.5267767893717],[-58.824426742718,-27.5270562559224],[-58.8243555061463,-27.5271494114393],[-58.8241253572222,-27.5271932493296],[-58.8239694227201,-27.5271903437177],[-58.8234942740617,-27.527181490016],[-58.8233677214106,-27.5271791318921]]]]}"
32,Arazaty,"{""type"":""MultiPolygon"",""coordinates"":[[[[-58.8498539183188,-27.4765482997488],[-58.8501506488844,-27.4789192562609],[-58.8513349545403,-27.4787453985547],[-58.8510528273997,-27.4763525369051],[-58.8498539183188,-27.4765482997488]]]]}"
33,As. Del B. San Antonio Oeste,"{""type"":""MultiPolygon"",""coordinates"":[[[[-58.8223127762134,-27.5054442470953],[-58.8222902859221,-27.5046040116585],[-58.8213079999999,-27.504600000008],[-58.8213057606794,-27.5049834669982],[-58.8210003776697,-27.5049822082604],[-58.8209943316574,-27.5052344641861],[-58.821050366934,-27.5052384665226],[-58.8210486480581,-27.5054295019497],[-58.8223127762134,-27.5054442470953]]]]}"
34,As. Del B. San Roque Oeste,"{""type"":""MultiPolygon"",""coordinates"":[[[[-58.8157769999998,-27.510957000008],[-58.8158645782782,-27.5103676996065],[-58.8142692651648,-27.5101956389464],[-58.8141779999999,-27.510859000008],[-58.8148459999999,-27.5109161213282],[-58.8148785586528,-27.5108806389464],[-58.8157769999998,-27.510957000008]]]]}"
35,As. Del Dr Montaña,"{""type"":""MultiPolygon"",""coordinates"":[[[[-58.787967729987,-27.5180388947448],[-58.7880336013372,-27.518077000008],[-58.787348806436,-27.5248352937006],[-58.7847959999999,-27.524600000008],[-58.7840723228153,-27.5228246771924],[-58.784372240253,-27.5210144724557],[-58.787967729987,-27.5180388947448]]]]}"
36,Mendoza Al Sur,"{""type"":""MultiPolygon"",""coordinates"":[[[[-58.8399944407765,-27.5053520757361],[-58.8391509999999,-27.505156000008],[-58.8393584891741,-27.5046434457559],[-58.8393999145629,-27.503881137872],[-58.8393979145629,-27.5024164407847],[-58.8393023223299,-27.5001272660274],[-58.8392594194173,-27.4998733436973],[-58.8386109753995,-27.4999486727919],[-58.8383151229052,-27.5000013612989],[-58.8379985592231,-27.5000765805905],[-58.837854066836,-27.5000555369943],[-58.836518860194,-27.5002617417555],[-58.8363969999999,-27.501056000008],[-58.8361040165047,-27.5022826213671],[-58.8359626019416,-27.5026904310759],[-58.8359847038833,-27.5028101087458],[-58.8359613009707,-27.5029330097167],[-58.8360471005711,-27.5033462002279],[-58.836170699029,-27.50418556894],[-58.8361435953123,-27.5045449250864],[-58.8360786335522,-27.504711594238],[-58.8360265039077,-27.5049033091964],[-58.8359879375903,-27.5050952754596],[-58.8360360543688,-27.5053215592313],[-58.8358010501945,-27.5059180728348],[-58.8357303796115,-27.5063109922409],[-58.8356008441962,-27.5067052481868],[-58.8355977900958,-27.5068971605204],[-58.8354622135548,-27.5072315176966],[-58.8353765355788,-27.5076964720858],[-58.8353219999999,-27.507808000008],[-58.8338460390495,-27.5078841170437],[-58.8330317832902,-27.5080173368963],[-58.8341854762375,-27.50957135814],[-58.8342619465361,-27.5100179199874],[-58.8342316068334,-27.5104639382094],[-58.8348157142402,-27.5106974968335],[-58.8349310685104,-27.5104129199837],[-58.835840458132,-27.5080651689755],[-58.8368319999999,-27.508557000008],[-58.8371184007925,-27.5083881076041],[-58.8387579999999,-27.507331000008],[-58.8392670029781,-27.5069989864471],[-58.8398122893202,-27.5063314932119],[-58.8395843370238,-27.5061774096436],[-58.8399944407765,-27.5053520757361]]]]}"
37,As. Del Loma Linda,"{""type"":""MultiPolygon"",""coordinates"":[[[[-58.8085202723299,-27.4916934024352],[-58.8088449083335,-27.4930120020207],[-58.8111549999999,-27.492756000008],[-58.8110129999999,-27.491897000008],[-58.8121186359388,-27.4917967353834],[-58.8118737011165,-27.4905820879778],[-58.810688831472,-27.4907218719918],[-58.8108277398056,-27.4913379349594],[-58.8085202723299,-27.4916934024352]]]]}"
38,Loma 2,"{""type"":""MultiPolygon"",""coordinates"":[[[[-58.7818288718444,-27.4969293417555],[-58.7817199999999,-27.497588000008],[-58.7814229999998,-27.498169000008],[-58.7823579572813,-27.4983821281633],[-58.7837058718445,-27.4982507864157],[-58.7836265506086,-27.4975057662998],[-58.7836637679339,-27.4974557465121],[-58.7835539999999,-27.496695000008],[-58.7818288718444,-27.4969293417555]]]]}"
39,As. Del B. Anahí­,"{""type"":""MultiPolygon"",""coordinates"":[[[[-58.800408804469,-27.4606652841483],[-58.8010792114387,-27.4606411873872],[-58.8011284600719,-27.4594347999915],[-58.8010046678057,-27.4592820982215],[-58.8006712509074,-27.4593125222138],[-58.8004315534143,-27.4592228160635],[-58.7996155179791,-27.4593598706193],[-58.7989561075513,-27.4593879552679],[-58.7984808008413,-27.4592945509092],[-58.797916450186,-27.4592395830309],[-58.7979510404871,-27.4605025617758],[-58.7996722244077,-27.4606871129912],[-58.800408804469,-27.4606652841483]]]]}"
40,Villa Basura,"{""type"":""MultiPolygon"",""coordinates"":[[[[-58.8235557724004,-27.4756958399823],[-58.8237106620455,-27.4771162069317],[-58.8249465668994,-27.4769846027965],[-58.8249776555687,-27.4769429294665],[-58.8248307500826,-27.4756217467192],[-58.8247638703124,-27.4755926013712],[-58.8235557724004,-27.4756958399823]]]]}"
41,As. Del B. Ciudades Correntinas,"{""type"":""MultiPolygon"",""coordinates"":[[[[-58.7773676383493,-27.5076154893283],[-58.77622474466,-27.5072253616585],[-58.7758591063105,-27.5080172553477],[-58.7769043830095,-27.5087140213672],[-58.7773676383493,-27.5076154893283]]]]}"
43,As. Del B. Popular,"{""type"":""MultiPolygon"",""coordinates"":[[[[-58.7957760348542,-27.4686315967944],[-58.7957577867679,-27.4684146779916],[-58.7955271230718,-27.468376586739],[-58.795491173457,-27.4684367480147],[-58.7952516080865,-27.4684040105809],[-58.7952505143993,-27.4685929662695],[-58.7948967213591,-27.4685243771924],[-58.7949669999999,-27.469257000008],[-58.7937365056507,-27.4693995652775],[-58.7938990321539,-27.4706178358169],[-58.7939443850963,-27.4706761057411],[-58.7940110511014,-27.4711429744572],[-58.7927539999999,-27.471308000008],[-58.7927929999999,-27.471489000008],[-58.7939909999998,-27.471337000008],[-58.7939949999999,-27.471197000008],[-58.7960909999998,-27.470911000008],[-58.795830925105,-27.469120308399],[-58.7957760348542,-27.4686315967944]]]]}"
44,As. Del B. Fray José De La Quintana,"{""type"":""MultiPolygon"",""coordinates"":[[[[-58.7979909999998,-27.509003000008],[-58.7967129999998,-27.509758000008],[-58.7956009999998,-27.510438000008],[-58.7949379999999,-27.510982000008],[-58.7942589999998,-27.511492000008],[-58.7929261349215,-27.5126348229351],[-58.791791527869,-27.5136859224042],[-58.7896479999999,-27.515390000008],[-58.7885082462081,-27.5162438769038],[-58.7890415885362,-27.516742000008],[-58.7909467689583,-27.5150990421591],[-58.7921521922394,-27.5140720961278],[-58.79398490388,-27.512400000008],[-58.7957319999998,-27.511001000008],[-58.7960285082975,-27.5107845567568],[-58.7960200946248,-27.5107050730952],[-58.7962663800303,-27.5105290975414],[-58.7963078096612,-27.5105882230706],[-58.7964992192238,-27.5104999730236],[-58.7964864800982,-27.5103864985389],[-58.7973968527604,-27.5097812089892],[-58.7974493486851,-27.5098254645383],[-58.7975732883592,-27.5097709038881],[-58.7978540961196,-27.5101013153517],[-58.7982582192238,-27.509833261383],[-58.7979993423279,-27.5095300961278],[-58.7979909999998,-27.509003000008]]]]}"
45,Nuevo Amanecer,"{""type"":""MultiPolygon"",""coordinates"":[[[[-58.8243668764191,-27.5050788650735],[-58.8247453216016,-27.5050680940218],[-58.8247990511649,-27.5051554302633],[-58.8252454829692,-27.5051298310123],[-58.8252041122269,-27.5036473934578],[-58.8233815056767,-27.5037287528464],[-58.8233250113536,-27.5046327414927],[-58.8243496406112,-27.5045788650734],[-58.8243668764191,-27.5050788650735]]]]}"
46,As. 2 Del Pirayui,"{""type"":""MultiPolygon"",""coordinates"":[[[[-58.7806096954977,-27.5089576414473],[-58.7789836792802,-27.5092026468531],[-58.7791557009036,-27.5100160054138],[-58.780754994594,-27.5098143099159],[-58.7808203261253,-27.5101766414473],[-58.7816511531803,-27.5101802000352],[-58.7822397059933,-27.5100831935853],[-58.7825404335683,-27.5101226097408],[-58.7828929999998,-27.510368000008],[-58.7836269999998,-27.510836000008],[-58.7848609999998,-27.510959000008],[-58.7853259999998,-27.511013000008],[-58.7855619999998,-27.511189000008],[-58.7867579999998,-27.512611000008],[-58.7876392720667,-27.5136468972966],[-58.7879659999998,-27.5140593045101],[-58.7880740216233,-27.514538652259],[-58.7881120162174,-27.5149816360414],[-58.7882516792801,-27.5153042720749],[-58.7884234017985,-27.5156017408321],[-58.7885889999998,-27.515949000008],[-58.7887590216232,-27.5160146901],[-58.7898119567529,-27.5152233639745],[-58.7896630486526,-27.5149793153218],[-58.7887149999998,-27.515194000008],[-58.7885399999998,-27.514071000008],[-58.7883488297484,-27.5130543065115],[-58.7879453531546,-27.5111489891962],[-58.7877156684684,-27.51016030451],[-58.7864888432298,-27.510315000008],[-58.7864035008867,-27.5099936414473],[-58.7839239999998,-27.510258000008],[-58.7838576792801,-27.5099616360414],[-58.7829289999998,-27.510075000008],[-58.7829339999998,-27.510336000008],[-58.7825141555633,-27.5100646353356],[-58.782252299096,-27.5100528324262],[-58.7816503063936,-27.5101333340477],[-58.7808523423429,-27.5101546306356],[-58.7807843423429,-27.509851000008],[-58.7807577009036,-27.5097466468531],[-58.7806096954977,-27.5089576414473]]]]}"
47,As. Del B. Jardí­n,"{""type"":""MultiPolygon"",""coordinates"":[[[[-58.7835147278015,-27.4555972192867],[-58.783296073262,-27.4563517918152],[-58.7830533357942,-27.4563160397851],[-58.7827360700245,-27.4573693126466],[-58.7827542314503,-27.4574332339641],[-58.7824203448143,-27.4583572184031],[-58.7826098737692,-27.4584521033391],[-58.7829206014754,-27.4580262184931],[-58.7834081610517,-27.4572856092055],[-58.7839801920932,-27.4572007094807],[-58.784880039599,-27.4570927746902],[-58.7847743456387,-27.4562994181024],[-58.7847903030607,-27.4560631687926],[-58.7849673307978,-27.4560024284448],[-58.784996435689,-27.4558520399949],[-58.7850851049537,-27.4556764728873],[-58.7850915799833,-27.4554856006132],[-58.7850021602271,-27.4553788434839],[-58.7850482778375,-27.4552493763418],[-58.7852248574422,-27.4551799346312],[-58.7852376212338,-27.4548680490201],[-58.7857456410241,-27.4547609492177],[-58.7862103322338,-27.454672808008],[-58.7859447091974,-27.4536632175764],[-58.7856764178697,-27.4537310615965],[-58.7853694604284,-27.4535768133477],[-58.784424569689,-27.4532940990707],[-58.7841643787668,-27.4540057762794],[-58.7840150071607,-27.4544031620202],[-58.7835147278015,-27.4555972192867]]]]}"
48,As. 1 Del Pirayui,"{""type"":""MultiPolygon"",""coordinates"":[[[[-58.7877841737862,-27.5154055919983],[-58.7877108160192,-27.5148926890856],[-58.7875829999998,-27.5148841771924],[-58.7870221455144,-27.5141064775038],[-58.7871324860162,-27.5139630900057],[-58.7863172471306,-27.5129224250352],[-58.7864924915047,-27.5128101371439],[-58.7858168228153,-27.5120029667556],[-58.7854188665695,-27.5121460196371],[-58.7851017092098,-27.5116946723732],[-58.7848879999998,-27.511516000008],[-58.7847699999998,-27.511887000008],[-58.7838259999998,-27.512363000008],[-58.7836129999999,-27.512482000008],[-58.7844450434464,-27.5138479531633],[-58.7834039999998,-27.514338000008],[-58.7845459999998,-27.516212000008],[-58.7845569999998,-27.516402000008],[-58.7844069999999,-27.516597000008],[-58.7790706354367,-27.5192734548623],[-58.7795669999999,-27.5199430902992],[-58.7803787691746,-27.5195218730662],[-58.7806546781601,-27.5199907539931],[-58.7811019999998,-27.5198235485516],[-58.78140666598,-27.5203823794033],[-58.7818021487985,-27.5202825267251],[-58.7821534650483,-27.5208698390857],[-58.7829203611649,-27.520578361173],[-58.7831318618395,-27.5210372472483],[-58.7832205919901,-27.52120671894],[-58.7827101805823,-27.5215955451536],[-58.7831527691746,-27.5219836320468],[-58.788771802427,-27.5173463177264],[-58.7885209999998,-27.517049000008],[-58.7882049999998,-27.516802000008],[-58.7880439999998,-27.516640000008],[-58.7880389999998,-27.516455000008],[-58.7881029999999,-27.516364000008],[-58.7881999999998,-27.516317000008],[-58.7882544949027,-27.516213501707],[-58.7877841737862,-27.5154055919983]]]]}"
49,La Olla,"{""type"":""MultiPolygon"",""coordinates"":[[[[-58.8057498149998,-27.495190966008],[-58.8056020709998,-27.4947702280079],[-58.8051226508988,-27.493964383907],[-58.8027179359998,-27.4951141510079],[-58.8028429239998,-27.495313558008],[-58.8029441609998,-27.495439098008],[-58.8032353529998,-27.495902489008],[-58.8023491529998,-27.496389044008],[-58.8021007189998,-27.496035009008],[-58.8029464399998,-27.4954675290079],[-58.8027104489998,-27.4951222570079],[-58.8012531659998,-27.495752819008],[-58.8005324719998,-27.496462371008],[-58.8006219999998,-27.496713000008],[-58.8006319999998,-27.496909000008],[-58.8005759999999,-27.497100000008],[-58.7993209999999,-27.498959000008],[-58.7975183754445,-27.5014233521594],[-58.8002529999998,-27.500922000008],[-58.8025559999998,-27.500477000008],[-58.8053639999999,-27.499994000008],[-58.8072249999998,-27.499706000008],[-58.8064191409998,-27.497175204008],[-58.8063315039998,-27.496892239008],[-58.8057498149998,-27.495190966008]]]]}"
50,Irupé,"{""type"":""MultiPolygon"",""coordinates"":[[[[-58.8081172907598,-27.4980046521674],[-58.8081539999999,-27.498592000008],[-58.8089512899998,-27.4983868260079],[-58.8092209768565,-27.4993172076333],[-58.8082839999999,-27.499492000008],[-58.8073019999998,-27.499683000008],[-58.8067609999999,-27.498164000008],[-58.8073719999998,-27.498070000008],[-58.8071552709998,-27.497151489008],[-58.8065288459998,-27.4973013550079],[-58.8062984889998,-27.496532972008],[-58.8058847149998,-27.495445541008],[-58.8057950059998,-27.4951683420079],[-58.8056075129998,-27.494687632008],[-58.8052151759998,-27.4939977450079],[-58.8054987739998,-27.493848377008],[-58.8058451459998,-27.493646242008],[-58.8062366569998,-27.4935413930079],[-58.8077872489998,-27.4932352510079],[-58.8079583349998,-27.493895128008],[-58.8079891589998,-27.4940193490079],[-58.8080405499999,-27.494224157008],[-58.8080978529998,-27.494513373008],[-58.8081171219998,-27.494660059008],[-58.8073789999998,-27.494796000008],[-58.8078619405846,-27.4967523519897],[-58.8071522497615,-27.4968926397105],[-58.8074340963047,-27.4980754711048],[-58.8081172907598,-27.4980046521674]]]]}"
51,Villa Eragia,"{""type"":""MultiPolygon"",""coordinates"":[[[[-58.7826279369221,-27.4783218554803],[-58.7820071717113,-27.4766851898882],[-58.7806603255959,-27.478471054274],[-58.7781145511299,-27.4790983042486],[-58.7735360542658,-27.479719162806],[-58.7700255119475,-27.4803088856476],[-58.7700420390805,-27.4807163163488],[-58.7732311627978,-27.4802483100769],[-58.7766368855377,-27.4796627892158],[-58.7784698282883,-27.4794128012144],[-58.7796383643348,-27.4791765783219],[-58.7826279369221,-27.4783218554803]]]]}"
52,As. Patono 1,"{""type"":""MultiPolygon"",""coordinates"":[[[[-58.8417253374721,-27.5007841418885],[-58.8415774248007,-27.4996322159323],[-58.8415869870133,-27.4994148942649],[-58.8415128828335,-27.4990376632497],[-58.8413264372777,-27.4969173870447],[-58.8424564857046,-27.496735798979],[-58.842073087495,-27.4943038488318],[-58.8440526540445,-27.4941610622891],[-58.8442194049241,-27.4955782787667],[-58.8445124479393,-27.4983889266508],[-58.8446028801734,-27.4992256917143],[-58.8446801152828,-27.4998899485831],[-58.8446883460077,-27.5001869940335],[-58.8447685505908,-27.500317513338],[-58.844779964003,-27.5004655033572],[-58.8441700662952,-27.5007068548308],[-58.8417253374721,-27.5007841418885]]]]}"
53,Costa Esperanza,"{""type"":""MultiPolygon"",""coordinates"":[[[[-58.7910405969633,-27.500685217709],[-58.7909887138491,-27.5005811005091],[-58.7908849615329,-27.5005328632788],[-58.7907852859709,-27.4998536518122],[-58.7878694650232,-27.5001743649954],[-58.7875436967648,-27.4999451683202],[-58.7865837973793,-27.5000925074854],[-58.7867600173865,-27.501091142498],[-58.7866866271768,-27.5011296150234],[-58.7867014921377,-27.5011664731577],[-58.7866705619998,-27.501636006008],[-58.7866243735158,-27.5025712388795],[-58.7866272436794,-27.5026645539676],[-58.7885375425987,-27.5025344135434],[-58.7885267000527,-27.501969767694],[-58.7894223689728,-27.5019123306182],[-58.7893970584465,-27.501503700462],[-58.7901341747533,-27.5013364288411],[-58.7906046882933,-27.5010453834198],[-58.7910405969633,-27.500685217709]]]]}"
55,Asentamiento Del Barrio Sol De Mayo,"{""type"":""MultiPolygon"",""coordinates"":[[[[-58.804098817961,-27.4634967636002],[-58.8049861349998,-27.463131822008],[-58.8050790289998,-27.463097011008],[-58.8052723057765,-27.4628037545322],[-58.8052165948785,-27.4625383097216],[-58.8053855775573,-27.4621553378212],[-58.8055760791904,-27.4619825760927],[-58.805755827427,-27.4616135815613],[-58.8038316169901,-27.4615867636002],[-58.8030962010101,-27.4613087961853],[-58.8029914937616,-27.46134797764],[-58.8020081590701,-27.4609626464197],[-58.8014929478153,-27.4607309432119],[-58.800648754126,-27.4606894633574],[-58.8005079999999,-27.462147000008],[-58.801258065126,-27.4621999235225],[-58.8012516828359,-27.4622391295643],[-58.8012790346146,-27.462248527066],[-58.8011430581066,-27.4628300661924],[-58.8027764100751,-27.4630307518617],[-58.8028427041029,-27.4631336562015],[-58.8036179624076,-27.4632052379886],[-58.803500836893,-27.4647610449109],[-58.8025684287272,-27.4646975264503],[-58.8018541909998,-27.464668260008],[-58.8017369999999,-27.465481000008],[-58.8021459999999,-27.466535000008],[-58.8031999877569,-27.4662756636912],[-58.8032418598997,-27.4662907459462],[-58.8037146362328,-27.4661689860856],[-58.8038753546115,-27.4650911182119],[-58.8043254822813,-27.464967990542],[-58.8048099999999,-27.465161000008],[-58.804098817961,-27.4634967636002]]]]}"
57,As. Del B. Quinta Ferré,"{""type"":""MultiPolygon"",""coordinates"":[[[[-58.8088119999999,-27.463798000008],[-58.8092247018916,-27.463745000008],[-58.8089528843795,-27.4620901968821],[-58.808927364629,-27.4618856071338],[-58.8088679086329,-27.4618510063534],[-58.8088089121219,-27.4616552918472],[-58.8081331364743,-27.4615700031822],[-58.8079986715401,-27.4617729235822],[-58.8078996228528,-27.4619674469104],[-58.8077241553485,-27.461979968736],[-58.8076086878907,-27.4619112552278],[-58.8074440083922,-27.4616294141832],[-58.8074060496183,-27.4615131269115],[-58.8072675104458,-27.4613613168741],[-58.8064333497656,-27.4614272203711],[-58.8062701219945,-27.4613893447],[-58.8061621903163,-27.4614759379191],[-58.8059419999999,-27.461547000008],[-58.8056659999999,-27.461943000008],[-58.8054020859998,-27.462159341008],[-58.8052514674987,-27.4626113479903],[-58.8052680769998,-27.4626682810079],[-58.8054492169998,-27.462848974008],[-58.8061079999998,-27.462772000008],[-58.8062269999998,-27.462856000008],[-58.8062769999999,-27.463012000008],[-58.8064368819998,-27.463589810008],[-58.8066551289998,-27.464053147008],[-58.8073583069998,-27.4637402300079],[-58.8075971159998,-27.464150209008],[-58.8081459999999,-27.464014000008],[-58.8084409999999,-27.463908000008],[-58.8086289999999,-27.463803000008],[-58.8088119999999,-27.463798000008]]]]}"
58,Galvan Iii,"{""type"":""MultiPolygon"",""coordinates"":[[[[-58.8471182321795,-27.4865323362031],[-58.8472594281328,-27.4875272468594],[-58.8480514417027,-27.4874112125313],[-58.8481009999999,-27.487307000008],[-58.8481749999999,-27.487240000008],[-58.8486293457736,-27.4871902458439],[-58.8486206423079,-27.4869607578153],[-58.8486610499687,-27.4866654583672],[-58.8479467830039,-27.4863710288531],[-58.8477918374454,-27.4863279833516],[-58.8477507200552,-27.4864427647264],[-58.8477128148597,-27.4864280186071],[-58.847607248461,-27.4864146745779],[-58.8475665755424,-27.4864406044897],[-58.8471182321795,-27.4865323362031]]]]}"
13,Piragine Niveyro,"{""type"":""MultiPolygon"",""coordinates"":[[[[-58.7678160912619,-27.4561833864157],[-58.7701949999998,-27.456383000008],[-58.7704249999998,-27.454568000008],[-58.7705745009707,-27.4535632271924],[-58.7711569999999,-27.453598000008],[-58.7715379999998,-27.453831000008],[-58.7723619662102,-27.4517106841904],[-58.7730818246795,-27.4501057461579],[-58.7724478638784,-27.4498225819798],[-58.7711233228149,-27.4513448785682],[-58.7677739999998,-27.455530000008],[-58.7678160912619,-27.4561833864157]]]]}"
4,Bajo Caridi,"{""type"":""MultiPolygon"",""coordinates"":[[[[-58.8525855286051,-27.4820462425611],[-58.8538597139477,-27.4818628283767],[-58.8538587358804,-27.4816403436369],[-58.8527966430259,-27.4813649645471],[-58.8526704092809,-27.4813680396002],[-58.8526403326307,-27.4812911284655],[-58.8524978794264,-27.4813158794346],[-58.8525592586981,-27.4814989482693],[-58.8524998076158,-27.4815190050758],[-58.8525855286051,-27.4820462425611]]]]}"
7,Asentamiento Del Barrio Bañado Norte,"{""type"":""MultiPolygon"",""coordinates"":[[[[-58.817120046762,-27.4586688402854],[-58.8169260495243,-27.4570481916606],[-58.8166544372862,-27.4569744403941],[-58.8162791319357,-27.4568136815318],[-58.8159273022242,-27.4568334600962],[-58.8157018307924,-27.4571148353436],[-58.8158350485681,-27.4575485307084],[-58.8158600096609,-27.4578639574405],[-58.8157621193311,-27.4581545423165],[-58.8157818364022,-27.4581621814701],[-58.8155002280815,-27.4585402259109],[-58.8152025066531,-27.4588485752156],[-58.8149994803088,-27.4589976253068],[-58.8151454328299,-27.4592112821205],[-58.8153794351438,-27.459152713264],[-58.8160344551187,-27.4588211030239],[-58.8161638420797,-27.4587061173809],[-58.8165079044568,-27.4585977787213],[-58.8166704849224,-27.4586705616789],[-58.8167830410909,-27.459089177733],[-58.8170489385457,-27.4594804769664],[-58.8171849999999,-27.4603106919637],[-58.816633939233,-27.4603892841665],[-58.8167490867574,-27.4612261475324],[-58.8173242103961,-27.4611623579287],[-58.8174159999999,-27.461705000008],[-58.8175211628856,-27.4617021745674],[-58.8174425637621,-27.4610833741665],[-58.8173403179206,-27.460247532008],[-58.817163443762,-27.4586873930872],[-58.817120046762,-27.4586688402854]]]]}"
59,As. Del B. Esperanza,"{""type"":""MultiPolygon"",""coordinates"":[[[[-58.7898686323142,-27.5431941764271],[-58.7900468820959,-27.5417583676935],[-58.7875656174671,-27.5414675738071],[-58.7872795441046,-27.5399096471695],[-58.7851216471614,-27.5398426471695],[-58.784892735371,-27.5415482794839],[-58.7847411030565,-27.5427265589599],[-58.7836766471614,-27.5426531912743],[-58.783801014847,-27.5447395441127],[-58.7839995589518,-27.545236000008],[-58.7840342943229,-27.5456564559031],[-58.7839693825326,-27.5464873379992],[-58.7848255441046,-27.546498441056],[-58.7845741912662,-27.5488815441127],[-58.7846638384277,-27.549472720532],[-58.7850661912662,-27.5497976323224],[-58.7857112794758,-27.5498205292656],[-58.7866502646286,-27.5493577938944],[-58.7876490882094,-27.5489686174752],[-58.7899574706279,-27.5486773575005],[-58.7904758087334,-27.5485551764272],[-58.7903056199998,-27.547357866008],[-58.7908006949998,-27.5473920390079],[-58.790938089895,-27.5476587066368],[-58.7914179719998,-27.5474656970079],[-58.7917694147334,-27.5472435656368],[-58.7919483709431,-27.5471369976935],[-58.791234176419,-27.5463344707503],[-58.7905948239431,-27.5461864996935],[-58.7902881093142,-27.5448641797983],[-58.7900382999998,-27.5435731970079],[-58.789908239895,-27.5434012826455],[-58.7892104079998,-27.5434363100079],[-58.7892083611614,-27.5446630412176],[-58.7896573825325,-27.5448550882176],[-58.7899571912662,-27.5460834707503],[-58.7881766689955,-27.545965000008],[-58.7881499484714,-27.5454283676935],[-58.7876758087334,-27.5450257353791],[-58.787314014847,-27.5450559117983],[-58.7872142427946,-27.5459620882176],[-58.787154014847,-27.5470383161652],[-58.7902629999999,-27.547328000008],[-58.790378455895,-27.5483716471695],[-58.7870671912662,-27.5480113825407],[-58.7869411912662,-27.5489891912743],[-58.7868422794758,-27.5490436471695],[-58.7846519999999,-27.548871000008],[-58.7852648969431,-27.5428513528464],[-58.7898686323142,-27.5431941764271]]]]}"
62,As. Del B. Molina Punta,"{""type"":""MultiPolygon"",""coordinates"":[[[[-58.7859094762865,-27.4514753072731],[-58.7857854465554,-27.4517336023338],[-58.7858145942374,-27.4517669384624],[-58.7863736659016,-27.4517923209584],[-58.7865647475547,-27.4516776942392],[-58.7871594764488,-27.4516687693672],[-58.788710372138,-27.4502655827798],[-58.7881289815354,-27.4496031875741],[-58.7879856101989,-27.4491665447899],[-58.7880446101989,-27.4474495447899],[-58.7882619815354,-27.4469953931277],[-58.7882259337628,-27.4465614550635],[-58.7878607057439,-27.4444763365437],[-58.7872948305534,-27.4444590001504],[-58.7868009999998,-27.4444921516635],[-58.7855757133647,-27.4445807298678],[-58.7837386655922,-27.4442090135708],[-58.7827340918729,-27.4467479951986],[-58.7840292829919,-27.4471053117704],[-58.7840988152298,-27.4471061314902],[-58.7845628343401,-27.4472346419673],[-58.7844709413836,-27.4474209653954],[-58.7857409522273,-27.4475634826595],[-58.7855279044548,-27.4491882680315],[-58.7847170662367,-27.4512169015319],[-58.7856794431255,-27.451466889081],[-58.7857056971965,-27.4514105857647],[-58.7859094762865,-27.4514753072731]]],[[[-58.7835958999998,-27.441478200008],[-58.7842046999998,-27.439821500008],[-58.7834858999999,-27.439440600008],[-58.7826597999998,-27.439221600008],[-58.7831103999998,-27.438107500008],[-58.7820589999998,-27.436993500008],[-58.7813829999998,-27.438821700008],[-58.7810465317622,-27.4397223463605],[-58.7820481999998,-27.440021400008],[-58.7813615999998,-27.441916200008],[-58.7824022999998,-27.442259000008],[-58.7827884999998,-27.441297300008],[-58.7835958999998,-27.441478200008]]]]}"
64,Ciudades Correntinas,"{""type"":""MultiPolygon"",""coordinates"":[[[[-58.7900160409155,-27.4986275460006],[-58.7900482492722,-27.4988429204179],[-58.7900930408683,-27.4989169951527],[-58.7901061844633,-27.4990662796457],[-58.7901186715197,-27.4992254729417],[-58.7901276071626,-27.4993720799354],[-58.7902004667526,-27.4998297292347],[-58.7883038405517,-27.500077907213],[-58.7881034766794,-27.4989235380847],[-58.7900160409155,-27.4986275460006]]]]}"
65,San Roque Este,"{""type"":""MultiPolygon"",""coordinates"":[[[[-58.8042859801201,-27.5101713603647],[-58.804349488414,-27.5104156230338],[-58.8037991389374,-27.5109379843224],[-58.8024346431762,-27.5121543905485],[-58.8021896885804,-27.511780645392],[-58.8015504284586,-27.5105860683968],[-58.8015572308656,-27.510495369637],[-58.8023026891069,-27.5103842817422],[-58.8027514626267,-27.5103326243586],[-58.8031501930562,-27.5102728955089],[-58.8035134090345,-27.5102341524712],[-58.8038814678925,-27.510192180847],[-58.8042859801201,-27.5101713603647]]]]}"
14,Asentamiento Del Barrio Cichero,"{""type"":""MultiPolygon"",""coordinates"":[[[[-58.8206737714332,-27.4557614730673],[-58.8205189999999,-27.455722000008],[-58.8203469999999,-27.455836000008],[-58.8202099999999,-27.455995000008],[-58.8200139999999,-27.456062000008],[-58.8199659999999,-27.456107000008],[-58.8198869999999,-27.456155000008],[-58.8196886237862,-27.456287326707],[-58.8195054752426,-27.4563443762216],[-58.8195356056767,-27.456769000008],[-58.8196588135376,-27.4567711864702],[-58.8198708135376,-27.4567591864702],[-58.8207373733478,-27.4567291525551],[-58.8207573259455,-27.4567729765818],[-58.8210481100834,-27.456756198641],[-58.8210507698106,-27.4566296463835],[-58.8206737714332,-27.4557614730673]]]]}"
6,Santa Marta,"{""type"":""MultiPolygon"",""coordinates"":[[[[-58.8431398237863,-27.5046061762215],[-58.8434438887527,-27.5047104989688],[-58.8434871247237,-27.504810402777],[-58.8437387048542,-27.5049226504934],[-58.8439092141261,-27.5045645428078],[-58.8440780762251,-27.5041820486387],[-58.844157356796,-27.5036157606876],[-58.8438997084678,-27.5036052606265],[-58.8434364126601,-27.5024892683035],[-58.8428823480581,-27.5022221102021],[-58.8428619194692,-27.5017402281671],[-58.8432842912825,-27.5015653666111],[-58.8433211174756,-27.5013122349594],[-58.8423329999999,-27.501355000008],[-58.8422270324795,-27.5018219064369],[-58.8420205873785,-27.5022391174837],[-58.8423669999999,-27.502424000008],[-58.8419754669901,-27.5028475242798],[-58.8421848239685,-27.5030313150169],[-58.8422983018816,-27.5032579097361],[-58.842393460756,-27.5032875992574],[-58.8429554446888,-27.5039008822862],[-58.8431398237863,-27.5046061762215]]]]}"
56,Asentamiento Del Barrio Canal 13,"{""type"":""MultiPolygon"",""coordinates"":[[[[-58.7947509339804,-27.4602070543769],[-58.7956179999998,-27.460146000008],[-58.7957155970786,-27.4600330502322],[-58.7965179495144,-27.460085015542],[-58.7975293029124,-27.4604010621439],[-58.7977316236482,-27.4599220036014],[-58.7978346327887,-27.4598941738007],[-58.7978459999999,-27.458807000008],[-58.7946059689318,-27.4577130077749],[-58.7946041136764,-27.4584232840979],[-58.7946414915237,-27.4592949766476],[-58.7947509339804,-27.4602070543769]]]]}"